gesture,lm_0_x,lm_0_y,lm_0_z,lm_1_x,lm_1_y,lm_1_z,lm_2_x,lm_2_y,lm_2_z,lm_3_x,lm_3_y,lm_3_z,lm_4_x,lm_4_y,lm_4_z,lm_5_x,lm_5_y,lm_5_z,lm_6_x,lm_6_y,lm_6_z,lm_7_x,lm_7_y,lm_7_z,lm_8_x,lm_8_y,lm_8_z,lm_9_x,lm_9_y,lm_9_z,lm_10_x,lm_10_y,lm_10_z,lm_11_x,lm_11_y,lm_11_z,lm_12_x,lm_12_y,lm_12_z,lm_13_x,lm_13_y,lm_13_z,lm_14_x,lm_14_y,lm_14_z,lm_15_x,lm_15_y,lm_15_z,lm_16_x,lm_16_y,lm_16_z,lm_17_x,lm_17_y,lm_17_z,lm_18_x,lm_18_y,lm_18_z,lm_19_x,lm_19_y,lm_19_z,lm_20_x,lm_20_y,lm_20_z
THUMBS_UP,0.8426997065544128,0.6733781099319458,-5.728745122723922e-07,0.7654739022254944,0.5569909811019897,-0.007527816109359264,0.6825982332229614,0.4374891221523285,-0.02749594859778881,0.6243322491645813,0.32683447003364563,-0.04576640576124191,0.5966169238090515,0.20879898965358734,-0.0630468875169754,0.6584887504577637,0.3145625591278076,-0.04993051290512085,0.5225943326950073,0.45259854197502136,-0.06925993412733078,0.5419803857803345,0.5375514626502991,-0.06683410704135895,0.5811997652053833,0.5342228412628174,-0.06488590687513351,0.6772157549858093,0.3696662485599518,-0.06015853211283684,0.5387433767318726,0.5535940527915955,-0.0728614553809166,0.5729919075965881,0.6140894293785095,-0.06001446023583412,0.6094663739204407,0.6119697093963623,-0.05567668750882149,0.6883891224861145,0.47078973054885864,-0.06978487968444824,0.5667772889137268,0.6422784924507141,-0.0811980739235878,0.6031400561332703,0.6901741027832031,-0.06649444252252579,0.6406022310256958,0.6700650453567505,-0.06315452605485916,0.6977526545524597,0.5842124223709106,-0.07973545044660568,0.6061355471611023,0.7206472754478455,-0.09592845290899277,0.6295868158340454,0.7563440799713135,-0.09474930167198181,0.6580522060394287,0.7410516738891602,-0.09378103911876678
THUMBS_UP,0.8404238224029541,0.6680055856704712,-4.751914275402669e-07,0.7512193322181702,0.5664414167404175,-0.007497536484152079,0.6512688398361206,0.46431028842926025,-0.02674703486263752,0.5770553350448608,0.3696625828742981,-0.04383200407028198,0.5379374623298645,0.26683759689331055,-0.05797530710697174,0.629726767539978,0.3234004080295563,-0.04373446851968765,0.5021594762802124,0.49356627464294434,-0.06355883926153183,0.5275228023529053,0.5605477094650269,-0.06363248080015182,0.5673248171806335,0.5376162528991699,-0.06460689008235931,0.6645219922065735,0.372001588344574,-0.05581016466021538,0.5257015228271484,0.5914700031280518,-0.06496447324752808,0.5660532712936401,0.6270551085472107,-0.05493571609258652,0.6057655811309814,0.6054774522781372,-0.05411015823483467,0.6918231844902039,0.4687524735927582,-0.06771978735923767,0.5640737414360046,0.6723770499229431,-0.07721959054470062,0.6008148789405823,0.6989972591400146,-0.06497017294168472,0.6375100612640381,0.6683745384216309,-0.06421680003404617,0.7162473201751709,0.5878021717071533,-0.08011049777269363,0.6171556115150452,0.7429611682891846,-0.09614286571741104,0.6445545554161072,0.7575622797012329,-0.09640093892812729,0.6783730983734131,0.731489896774292,-0.09669754654169083
THUMBS_UP,0.8963392972946167,0.7443373203277588,-5.620507863568491e-07,0.8325976729393005,0.6260032057762146,-0.00649279123172164,0.7557966709136963,0.5181347131729126,-0.024945836514234543,0.692927360534668,0.4313962459564209,-0.04169480875134468,0.6702530384063721,0.33341825008392334,-0.06240355223417282,0.7374482154846191,0.4135114550590515,-0.05181077495217323,0.6237094402313232,0.4842666685581207,-0.06569714099168777,0.589575469493866,0.5547123551368713,-0.06312598288059235,0.5827617645263672,0.5861189365386963,-0.06198872625827789,0.7595016956329346,0.4718802273273468,-0.059434808790683746,0.6378926038742065,0.5803173184394836,-0.06854772567749023,0.6085675954818726,0.6437403559684753,-0.06549154967069626,0.5948454141616821,0.6838597059249878,-0.06971577554941177,0.773674726486206,0.5657823085784912,-0.06457431614398956,0.656600832939148,0.6730791926383972,-0.07525031268596649,0.6360245943069458,0.7383358478546143,-0.07659707963466644,0.6293526887893677,0.7639585733413696,-0.0844462588429451,0.7821562886238098,0.6747314929962158,-0.06864456832408905,0.6909739971160889,0.7580024600028992,-0.08718733489513397,0.6671513319015503,0.8068281412124634,-0.09526851028203964,0.6539430618286133,0.8320105671882629,-0.10196854174137115
THUMBS_UP,0.8777962327003479,0.7252593040466309,-4.72102385629114e-07,0.8177530169487,0.5987364053726196,0.0039618066512048244,0.7409707307815552,0.4819074869155884,-0.008649919182062149,0.6809371113777161,0.3809660077095032,-0.022803958505392075,0.658117413520813,0.2748776078224182,-0.03668477013707161,0.7073466181755066,0.37546125054359436,-0.019541321322321892,0.5802847146987915,0.4715311825275421,-0.033569835126399994,0.598564624786377,0.5384259819984436,-0.0321945995092392,0.6346076130867004,0.5303762555122375,-0.032037392258644104,0.7187433242797852,0.4219883978366852,-0.03352365270256996,0.5836281180381775,0.5662389397621155,-0.04067887365818024,0.6183054447174072,0.6156696677207947,-0.0310576893389225,0.6532240509986877,0.6089359521865845,-0.02925099991261959,0.7235234379768372,0.5119369626045227,-0.04740313068032265,0.6016674637794495,0.6470622420310974,-0.05510832369327545,0.6390553712844849,0.6988662481307983,-0.04426231235265732,0.6729399561882019,0.6873176097869873,-0.043289706110954285,0.7270270586013794,0.6200639009475708,-0.06099500134587288,0.6360998153686523,0.7324020266532898,-0.07633138447999954,0.6629771590232849,0.7727752923965454,-0.0782378613948822,0.690544068813324,0.7640873193740845,-0.07935675978660583
THUMBS_UP,0.8943805694580078,0.5968319177627563,-2.63681471324162e-07,0.7845301628112793,0.5446901321411133,-0.027967391535639763,0.6918399333953857,0.47881048917770386,-0.09051355719566345,0.6464412808418274,0.40942513942718506,-0.14521588385105133,0.6216623783111572,0.2760683298110962,-0.20286248624324799,0.7243552207946777,0.38676247000694275,-0.2160159945487976,0.6053965091705322,0.5937814712524414,-0.2563617527484894,0.6249152421951294,0.6602957248687744,-0.23558294773101807,0.6614729166030884,0.62498939037323,-0.21991555392742157,0.7925613522529602,0.47618815302848816,-0.2367655336856842,0.6586689949035645,0.6838412284851074,-0.26914793252944946,0.6690368056297302,0.7397432327270508,-0.21391402184963226,0.6979163885116577,0.7345867156982422,-0.18035770952701569,0.8445325493812561,0.5893871784210205,-0.25144150853157043,0.7124099731445312,0.7935826778411865,-0.27401018142700195,0.7176939249038696,0.8491138219833374,-0.20221750438213348,0.7450018525123596,0.8452808856964111,-0.16199322044849396,0.8852024078369141,0.6986075639724731,-0.2689659595489502,0.7839643359184265,0.8501181602478027,-0.30679070949554443,0.7673231959342957,0.8893907070159912,-0.2828848958015442,0.7786075472831726,0.8964601755142212,-0.26317963004112244
THUMBS_UP,0.8531335592269897,0.7730714678764343,-6.810632271481154e-07,0.775419294834137,0.6335684061050415,-0.03189191222190857,0.6990323066711426,0.4948779344558716,-0.06857634335756302,0.6395226716995239,0.3746425211429596,-0.09642971307039261,0.6184473037719727,0.24118724465370178,-0.13039334118366241,0.7232459187507629,0.40514516830444336,-0.1242217868566513,0.594018816947937,0.44236940145492554,-0.16114909946918488,0.5278878211975098,0.49661561846733093,-0.17179642617702484,0.49039122462272644,0.5313771367073059,-0.17723996937274933,0.7495019435882568,0.5029767751693726,-0.12329869717359543,0.6020134091377258,0.5663719177246094,-0.1480751931667328,0.5367283225059509,0.6240202188491821,-0.14535263180732727,0.4974980652332306,0.6728190779685974,-0.15028730034828186,0.7590592503547668,0.6252381801605225,-0.11888176947832108,0.6169707179069519,0.6851785778999329,-0.14564652740955353,0.5631952285766602,0.7316715717315674,-0.13986806571483612,0.5401378870010376,0.7616643905639648,-0.14128048717975616,0.7580692768096924,0.7426809072494507,-0.11418496072292328,0.6497405171394348,0.7892577648162842,-0.14627189934253693,0.6097099184989929,0.8121623992919922,-0.1483634114265442,0.5930191278457642,0.8304123878479004,-0.14880523085594177
THUMBS_UP,0.7717661261558533,0.7014755606651306,-4.1287023577751825e-07,0.7174451351165771,0.5807657241821289,-0.0021476279944181442,0.6485586166381836,0.4514724016189575,-0.017258476465940475,0.6002125144004822,0.34076929092407227,-0.03185608610510826,0.5846023559570312,0.23414865136146545,-0.047087181359529495,0.6278706192970276,0.34345218539237976,-0.0440509207546711,0.4910678565502167,0.41244906187057495,-0.061607979238033295,0.5036396384239197,0.48424139618873596,-0.059128645807504654,0.5401343703269958,0.48730894923210144,-0.05741041153669357,0.6380699872970581,0.40217745304107666,-0.05490519478917122,0.4965173304080963,0.5068148970603943,-0.06666787713766098,0.5249066352844238,0.5678814053535461,-0.05415501818060875,0.5576327443122864,0.5782648921012878,-0.04901615157723427,0.6368332505226135,0.49971988797187805,-0.06472115963697433,0.5116798281669617,0.6041157245635986,-0.07533378899097443,0.5421274304389954,0.6648077368736267,-0.06134556978940964,0.5748441219329834,0.6697362661361694,-0.056973304599523544,0.6326307058334351,0.6105285286903381,-0.07426364719867706,0.5379763841629028,0.6946120262145996,-0.09198284149169922,0.5567073822021484,0.7395349740982056,-0.09179419279098511,0.5813051462173462,0.7452746033668518,-0.09043633192777634
THUMBS_UP,0.7623693943023682,0.6847845911979675,-3.5294883105052577e-07,0.7231188416481018,0.56236732006073,0.01728034019470215,0.6690278053283691,0.4688517451286316,0.012796811759471893,0.6247945427894592,0.3940466344356537,0.0021672018337994814,0.6048654913902283,0.31812065839767456,-0.010011719539761543,0.6386986374855042,0.37613728642463684,0.0018656355096027255,0.5351346135139465,0.4477750360965729,-0.008225904777646065,0.543942928314209,0.5069990158081055,-0.00842355564236641,0.5705167651176453,0.5144539475440979,-0.009338471107184887,0.6383340954780579,0.40140360593795776,-0.01813420280814171,0.5344216823577881,0.5104688405990601,-0.02421499602496624,0.5599561929702759,0.5637827515602112,-0.018788883462548256,0.5861360430717468,0.5766145586967468,-0.017103131860494614,0.6353945732116699,0.4643643796443939,-0.0375346802175045,0.545017659664154,0.5744338035583496,-0.04425165057182312,0.5743058323860168,0.6349802017211914,-0.03805083781480789,0.6019134521484375,0.6445594429969788,-0.03722472861409187,0.6328108906745911,0.5490081310272217,-0.05605018138885498,0.5655178427696228,0.6374968886375427,-0.07047593593597412,0.5814424753189087,0.6854656338691711,-0.07355642318725586,0.6007413864135742,0.6943436861038208,-0.0741831436753273
THUMBS_UP,0.7719970345497131,0.5935143232345581,-6.78128344588913e-07,0.6872122883796692,0.562118411064148,-0.049197833985090256,0.6212611794471741,0.4625559449195862,-0.07685437053442001,0.5811209678649902,0.36879777908325195,-0.0937376469373703,0.5417198538780212,0.27013009786605835,-0.10126743465662003,0.6685298681259155,0.30647531151771545,-0.08242340385913849,0.5943673849105835,0.48927611112594604,-0.12214946746826172,0.6178274750709534,0.5504541397094727,-0.13823917508125305,0.650078296661377,0.529573917388916,-0.14874140918254852,0.7304860353469849,0.3365551829338074,-0.07870403677225113,0.645098865032196,0.5583412051200867,-0.11253063380718231,0.6702287793159485,0.5928939580917358,-0.11386334151029587,0.7006018161773682,0.5491211414337158,-0.11574913561344147,0.7822365760803223,0.4087461531162262,-0.07856682687997818,0.7004173994064331,0.6209700703620911,-0.1134624257683754,0.7204924821853638,0.6434577703475952,-0.09849386662244797,0.7479082942008972,0.5993084907531738,-0.08717242628335953,0.8208281993865967,0.4959842562675476,-0.08372139930725098,0.7526007294654846,0.6636823415756226,-0.11789867281913757,0.7609646320343018,0.679806113243103,-0.11717294156551361,0.7835555672645569,0.6369373798370361,-0.11146778613328934
THUMBS_UP,0.7975132465362549,0.710200309753418,-4.6741104142711265e-07,0.7381585836410522,0.5928291082382202,-0.002552972175180912,0.6710510849952698,0.47764191031455994,-0.01857510767877102,0.6172974109649658,0.38398173451423645,-0.03449784219264984,0.592154324054718,0.2933320999145508,-0.04883411154150963,0.66741544008255,0.35596340894699097,-0.03410052880644798,0.5458072423934937,0.4370434880256653,-0.050125326961278915,0.554908275604248,0.5109902620315552,-0.04802986606955528,0.5875601768493652,0.5129420161247253,-0.04736614599823952,0.6817351579666138,0.4035751521587372,-0.0467941015958786,0.5484801530838013,0.5334682464599609,-0.057441651821136475,0.5766476392745972,0.5917652249336243,-0.048100873827934265,0.6101276874542236,0.5924962759017944,-0.045727748423814774,0.6864473223686218,0.4889475405216217,-0.059330280870199203,0.5659614205360413,0.6109032034873962,-0.07091904431581497,0.5968167781829834,0.6619758605957031,-0.06251644343137741,0.6311193704605103,0.6540989279747009,-0.062330085784196854,0.6895069479942322,0.5874891877174377,-0.07184810936450958,0.5981876254081726,0.6894311904907227,-0.08983808755874634,0.6155456900596619,0.7280406951904297,-0.09368112683296204,0.6405230164527893,0.724299967288971,-0.09579772502183914
THUMBS_UP,0.7987266182899475,0.6457805633544922,-6.767527906959003e-07,0.6905586123466492,0.5757617950439453,-0.013069579377770424,0.6085520386695862,0.4825116693973541,-0.027431296184659004,0.5449404716491699,0.39832019805908203,-0.03982897847890854,0.4956534504890442,0.32358410954475403,-0.04703928157687187,0.6076005697250366,0.31771019101142883,-0.03401593118906021,0.5014368891716003,0.47466737031936646,-0.05114299803972244,0.521643877029419,0.5591959357261658,-0.049572158604860306,0.556922435760498,0.5506952404975891,-0.049056291580200195,0.6476508378982544,0.3432658612728119,-0.04328759387135506,0.5342812538146973,0.5729689598083496,-0.05518984794616699,0.5684216022491455,0.6214503049850464,-0.04699831083416939,0.6022391319274902,0.596021294593811,-0.044628988951444626,0.6829677224159241,0.41802942752838135,-0.053654205054044724,0.5800023674964905,0.635989785194397,-0.06572798639535904,0.6129568219184875,0.6709896326065063,-0.05185667797923088,0.6435214281082153,0.6380066871643066,-0.04672694951295853,0.7146221399307251,0.5150567293167114,-0.06594587862491608,0.634401261806488,0.6882908344268799,-0.08300244063138962,0.6487443447113037,0.7126455307006836,-0.08201764523983002,0.6683213114738464,0.6822619438171387,-0.07925406843423843
THUMBS_UP,0.7732678651809692,0.7831695079803467,-4.844027330364042e-07,0.7166733145713806,0.6653163433074951,-0.008647679351270199,0.6638768315315247,0.5233340263366699,-0.026048066094517708,0.6304519176483154,0.4089169204235077,-0.041723575443029404,0.6136313080787659,0.30828192830085754,-0.0552094504237175,0.6769223809242249,0.3947017192840576,-0.04745807498693466,0.5455021858215332,0.46177342534065247,-0.06979501247406006,0.5564827919006348,0.5405746102333069,-0.0737810954451561,0.5939517021179199,0.549615740776062,-0.07662671059370041,0.6916723847389221,0.45862871408462524,-0.05835392326116562,0.5464221835136414,0.5567548274993896,-0.07183481752872467,0.5739890336990356,0.6179739832878113,-0.06504838168621063,0.6097863912582397,0.6210000514984131,-0.06513364613056183,0.6926537156105042,0.5576493144035339,-0.06897598505020142,0.5619519948959351,0.6440930366516113,-0.08162553608417511,0.5874925255775452,0.6972683668136597,-0.0714484304189682,0.6212724447250366,0.6938768625259399,-0.07056134939193726,0.6875895261764526,0.6696244478225708,-0.08017512410879135,0.587208092212677,0.7438079118728638,-0.09694211184978485,0.6047061085700989,0.775618851184845,-0.09769640117883682,0.6336709260940552,0.7727298736572266,-0.09835723042488098
THUMBS_UP,0.8033050298690796,0.645653247833252,-5.371311431190406e-07,0.687539279460907,0.5851744413375854,-0.0336906760931015,0.6023033857345581,0.49147188663482666,-0.06198693811893463,0.5435078740119934,0.39711153507232666,-0.08534637838602066,0.5077298283576965,0.27773770689964294,-0.10667265206575394,0.6508755683898926,0.36944079399108887,-0.06946711242198944,0.5360755324363708,0.5796539783477783,-0.0897502675652504,0.5454686880111694,0.6301366686820984,-0.09001428633928299,0.575718104839325,0.5911932587623596,-0.09102685749530792,0.7153387665748596,0.4322863817214966,-0.07355592399835587,0.5900084972381592,0.6947882771492004,-0.0851469486951828,0.6145938634872437,0.7019211053848267,-0.07877837866544724,0.6460921168327332,0.6519231200218201,-0.08194006979465485,0.7639266848564148,0.5286104083061218,-0.07845444232225418,0.6452801823616028,0.7726473808288574,-0.09131315350532532,0.672651469707489,0.7698394060134888,-0.07690417021512985,0.705912172794342,0.7226903438568115,-0.07435879856348038,0.8012401461601257,0.6366586685180664,-0.08665144443511963,0.7095872163772583,0.8281705379486084,-0.10475779324769974,0.7224358916282654,0.8300459384918213,-0.10084784775972366,0.7479745745658875,0.7959675788879395,-0.09811459481716156
THUMBS_UP,0.7392608523368835,0.46426883339881897,-1.2228113064338686e-06,0.6245468854904175,0.48301443457603455,-0.06444167345762253,0.525891900062561,0.4146825969219208,-0.09981604665517807,0.46263524889945984,0.3373962938785553,-0.12337365746498108,0.39775097370147705,0.2662728428840637,-0.1376360058784485,0.5571813583374023,0.18392020463943481,-0.1028883084654808,0.5091246962547302,0.4511478841304779,-0.15161454677581787,0.5430225133895874,0.552849292755127,-0.1721198707818985,0.5739835500717163,0.5265287160873413,-0.18664218485355377,0.6429200172424316,0.17980335652828217,-0.09915734827518463,0.5800748467445374,0.5050621032714844,-0.14169000089168549,0.6096576452255249,0.5904582738876343,-0.14407919347286224,0.6381186842918396,0.5520197153091431,-0.14856307208538055,0.7224308252334595,0.23248395323753357,-0.09988925606012344,0.659359335899353,0.5384601354598999,-0.1447686105966568,0.6728048324584961,0.6052972078323364,-0.12797147035598755,0.6912459135055542,0.5603023171424866,-0.1172107607126236,0.7873461246490479,0.30712276697158813,-0.10734120011329651,0.7336711883544922,0.5560384392738342,-0.14551842212677002,0.7310299277305603,0.6087777018547058,-0.1421997845172882,0.7398629784584045,0.568732500076294,-0.13637016713619232
THUMBS_UP,0.7639095187187195,0.8630395531654358,-5.110688903187111e-07,0.7342504262924194,0.7057257294654846,-0.0019972925074398518,0.7018540501594543,0.5403562784194946,-0.01114002987742424,0.6828429698944092,0.412231981754303,-0.020179131999611855,0.6869828701019287,0.3101198077201843,-0.028414379805326462,0.6960371732711792,0.43386122584342957,-0.030770206823945045,0.5732945203781128,0.43914997577667236,-0.043540727347135544,0.5762906670570374,0.513729453086853,-0.0432940237224102,0.6036572456359863,0.535010814666748,-0.04407161474227905,0.6832642555236816,0.4888167381286621,-0.0405566543340683,0.5465322732925415,0.5411861538887024,-0.052099235355854034,0.5642365217208862,0.6106780767440796,-0.047021884471178055,0.5956056714057922,0.6249087452888489,-0.047811832278966904,0.66134113073349,0.5723583698272705,-0.049196869134902954,0.5443061590194702,0.6265978217124939,-0.0603039413690567,0.5639099478721619,0.6914222240447998,-0.05077455937862396,0.5948518514633179,0.7020202875137329,-0.04935727268457413,0.6391652226448059,0.6628051996231079,-0.05827679857611656,0.5564669370651245,0.7237876057624817,-0.07345543801784515,0.5738350749015808,0.7769298553466797,-0.0736934021115303,0.597705602645874,0.7832163572311401,-0.07339615374803543
THUMBS_UP,0.8841904401779175,0.7239463329315186,-7.66052039580245e-07,0.7918007373809814,0.6295551061630249,-0.003740033134818077,0.7426652312278748,0.5067329406738281,-0.014396819286048412,0.7195702195167542,0.39022141695022583,-0.026180565357208252,0.7119372487068176,0.2936665713787079,-0.0352797769010067,0.7797713279724121,0.3438505530357361,-0.020064571872353554,0.6636046171188354,0.3718273341655731,-0.0455322191119194,0.6666182279586792,0.467176228761673,-0.05659901350736618,0.6962518692016602,0.5042316317558289,-0.06311056762933731,0.7962242364883423,0.36473608016967773,-0.03235211223363876,0.6608451008796692,0.4433269202709198,-0.05058090761303902,0.6767300367355347,0.5378115177154541,-0.04826011508703232,0.7105264067649841,0.55667644739151,-0.0489749014377594,0.7999156713485718,0.4242342412471771,-0.04643423855304718,0.6763486862182617,0.5175648927688599,-0.06261906772851944,0.696704089641571,0.6029291152954102,-0.050080761313438416,0.7316673398017883,0.6114883422851562,-0.04491829872131348,0.7975698709487915,0.5015548467636108,-0.06216317415237427,0.7009496688842773,0.5936257839202881,-0.07890304923057556,0.7146297097206116,0.6527737379074097,-0.07706839591264725,0.742370069026947,0.6532310843467712,-0.0749029740691185
THUMBS_UP,0.7519508600234985,0.9145262241363525,-3.055566537568666e-07,0.7116919755935669,0.7922930717468262,-0.008257177658379078,0.6570957899093628,0.6717020869255066,-0.018748300150036812,0.6203593015670776,0.5770251750946045,-0.028415439650416374,0.610960841178894,0.4928911328315735,-0.03782201558351517,0.6535824537277222,0.6681521534919739,-0.02881757542490959,0.5492165088653564,0.7196038961410522,-0.04430266469717026,0.5671144723892212,0.7576881647109985,-0.04793044179677963,0.5977765917778015,0.7499688267707825,-0.05017714574933052,0.6603502631187439,0.7481064796447754,-0.03494324907660484,0.5497810244560242,0.8044982552528381,-0.045744575560092926,0.5758289694786072,0.8236982822418213,-0.04328751936554909,0.6051973700523376,0.819325864315033,-0.045660350471735,0.6612143516540527,0.8343424797058105,-0.0411594919860363,0.5620075464248657,0.8786439895629883,-0.052899718284606934,0.5879970788955688,0.8948096632957458,-0.04468052461743355,0.6178698539733887,0.8869920969009399,-0.04204145073890686,0.6603821516036987,0.9168842434883118,-0.047512494027614594,0.5817499756813049,0.9426325559616089,-0.060039278119802475,0.6033615469932556,0.951863169670105,-0.05569683015346527,0.6326711773872375,0.9507506489753723,-0.051775012165308
THUMBS_UP,0.7706742882728577,0.758596658706665,-1.9225063851990853e-07,0.736756443977356,0.6197678446769714,-0.002014506608247757,0.6829348206520081,0.4918234646320343,-0.01852126605808735,0.6446338891983032,0.4090610146522522,-0.03280254825949669,0.6361458897590637,0.3267369866371155,-0.04749283567070961,0.6713001132011414,0.5565767288208008,-0.06968578696250916,0.5589324235916138,0.5649315714836121,-0.09182374179363251,0.5864475965499878,0.5683035850524902,-0.0949196144938469,0.6207489967346191,0.5621323585510254,-0.0943697914481163,0.669907808303833,0.6628748178482056,-0.07941392809152603,0.5491480827331543,0.6579526662826538,-0.09554030001163483,0.5810784101486206,0.6521954536437988,-0.08618064224720001,0.6181262135505676,0.6524171233177185,-0.08366900682449341,0.6673446297645569,0.7553728818893433,-0.08537793159484863,0.5545644760131836,0.7351175546646118,-0.0969730019569397,0.5843267440795898,0.7274914979934692,-0.07699910551309586,0.6204017400741577,0.7265723943710327,-0.06652712821960449,0.6628358364105225,0.8353828191757202,-0.0903908908367157,0.5752907395362854,0.8098876476287842,-0.09972614794969559,0.5973313450813293,0.7972347140312195,-0.08549625426530838,0.6275880932807922,0.7977409362792969,-0.0755918025970459
THUMBS_UP,0.7607523798942566,0.7210468649864197,-2.4873145321180345e-07,0.7357507348060608,0.5916929244995117,-0.013142135925590992,0.6958069205284119,0.4667198359966278,-0.03116816282272339,0.6687869429588318,0.37919631600379944,-0.04640982300043106,0.6659676432609558,0.29773813486099243,-0.06138838082551956,0.7030423283576965,0.5103785991668701,-0.06793249398469925,0.5874923467636108,0.5065383911132812,-0.09434687346220016,0.6066949367523193,0.5332464575767517,-0.0984937995672226,0.6400020122528076,0.5351712107658386,-0.09848929196596146,0.6983317732810974,0.607779860496521,-0.0743166133761406,0.5748101472854614,0.5927455425262451,-0.09745126962661743,0.6024935245513916,0.6069434285163879,-0.09086395800113678,0.6385771632194519,0.6120688915252686,-0.08851651102304459,0.6893918514251709,0.6959049701690674,-0.07944750040769577,0.5798036456108093,0.6667909622192383,-0.1007397249341011,0.6065453290939331,0.6767544746398926,-0.08362074196338654,0.640566349029541,0.6802407503128052,-0.07253431528806686,0.6798083186149597,0.7713484764099121,-0.08464113622903824,0.5953881740570068,0.7396602034568787,-0.10239803791046143,0.6132450699806213,0.7394927740097046,-0.09225378185510635,0.6404149532318115,0.7445938587188721,-0.08346851170063019
THUMBS_UP,0.7239142656326294,0.6998856067657471,-8.864938081387663e-07,0.6513371467590332,0.6216986179351807,-0.04543260484933853,0.6057871580123901,0.48690739274024963,-0.07194563746452332,0.5828561782836914,0.38132020831108093,-0.09083732962608337,0.5590617656707764,0.28855201601982117,-0.10226684808731079,0.6858423948287964,0.3805273175239563,-0.07467564195394516,0.6022160649299622,0.4737201929092407,-0.10864390432834625,0.598993182182312,0.5676023364067078,-0.12082626670598984,0.6218249797821045,0.5892453193664551,-0.12921223044395447,0.7390843033790588,0.42790505290031433,-0.07042814046144485,0.6341278553009033,0.5532251596450806,-0.09963501244783401,0.6309505701065063,0.6401421427726746,-0.09804122895002365,0.6530675292015076,0.6540520191192627,-0.09827888756990433,0.7751365303993225,0.5040360689163208,-0.06912604719400406,0.6759106516838074,0.619550347328186,-0.10130812972784042,0.6718518733978271,0.6884188652038574,-0.08763060718774796,0.6921061873435974,0.6918755769729614,-0.07729090750217438,0.8004939556121826,0.5895940065383911,-0.07275346666574478,0.7262735366821289,0.6742517948150635,-0.09947557747364044,0.7144334316253662,0.7183724641799927,-0.09588080644607544,0.7269894480705261,0.7143816947937012,-0.08993591368198395
THUMBS_UP,0.7429718375205994,0.7948482036590576,-4.3801023252854066e-07,0.7485422492027283,0.6508153080940247,-0.004548369441181421,0.7360837459564209,0.4813686013221741,-0.020581578835844994,0.7352924942970276,0.35608696937561035,-0.035885464400053024,0.7648090720176697,0.2673327624797821,-0.051828887313604355,0.7214843034744263,0.4656643569469452,-0.060801029205322266,0.6077646017074585,0.39881569147109985,-0.08630888164043427,0.6174433827400208,0.45894619822502136,-0.09017140418291092,0.6498526334762573,0.48565033078193665,-0.09023118019104004,0.6906006336212158,0.5546776056289673,-0.07186179608106613,0.5738312005996704,0.4813108444213867,-0.09180910140275955,0.5937801599502563,0.5343312621116638,-0.08139660209417343,0.628815233707428,0.5622507929801941,-0.07761950045824051,0.6578067541122437,0.6433187127113342,-0.08134938776493073,0.5553794503211975,0.5570330023765564,-0.10060255229473114,0.5754150748252869,0.6038721203804016,-0.07994221895933151,0.6097986698150635,0.6324452757835388,-0.06748949736356735,0.624705970287323,0.7256929278373718,-0.0901961624622345,0.5424454212188721,0.6303318738937378,-0.10598494112491608,0.5613169074058533,0.6583157777786255,-0.0929553285241127,0.5920127034187317,0.6907968521118164,-0.08223651349544525
THUMBS_UP,0.7122065424919128,0.5826042294502258,-3.519675146890222e-07,0.6753132343292236,0.4756459593772888,-0.010128316469490528,0.6231713891029358,0.355864942073822,-0.024703092873096466,0.5886965394020081,0.25423169136047363,-0.03669227659702301,0.5791226029396057,0.16004233062267303,-0.04868558421730995,0.6227045655250549,0.3224180340766907,-0.05031619593501091,0.5141520500183105,0.361221581697464,-0.06877805292606354,0.5253865718841553,0.4101962745189667,-0.06799080222845078,0.5561021566390991,0.4101443886756897,-0.06673671305179596,0.6324208974838257,0.3919476866722107,-0.05612602457404137,0.5131106376647949,0.44897860288619995,-0.06967025995254517,0.5370527505874634,0.48518621921539307,-0.05981552228331566,0.5671395659446716,0.48519274592399597,-0.05591097101569176,0.633497416973114,0.47960221767425537,-0.06142858788371086,0.5237777233123779,0.5248642563819885,-0.07569104433059692,0.5480032563209534,0.5545679330825806,-0.061953797936439514,0.5787249803543091,0.5540329217910767,-0.055265575647354126,0.6330255270004272,0.5681514739990234,-0.06664615869522095,0.5429627895355225,0.593353807926178,-0.08504223078489304,0.5549471974372864,0.6100687980651855,-0.08226943016052246,0.578466534614563,0.6142025589942932,-0.07826732099056244
THUMBS_UP,0.7021967768669128,0.6154276728630066,-8.204839332393021e-07,0.627296507358551,0.5386185050010681,-0.037267934530973434,0.5767545700073242,0.4217449426651001,-0.057833969593048096,0.5477724671363831,0.32246410846710205,-0.07225906848907471,0.5184330940246582,0.23547053337097168,-0.07981046289205551,0.6303133368492126,0.29061704874038696,-0.055214159190654755,0.5506171584129333,0.4108686149120331,-0.08726190030574799,0.5521687269210815,0.5028743147850037,-0.09868357330560684,0.5741146206855774,0.5165191888809204,-0.10559659451246262,0.6769556403160095,0.33616042137145996,-0.05516510456800461,0.5804600715637207,0.48873060941696167,-0.08485814183950424,0.5840031504631042,0.5691530704498291,-0.08570680022239685,0.6073510050773621,0.5652298927307129,-0.08604373782873154,0.7133336067199707,0.412624716758728,-0.058672964572906494,0.6193570494651794,0.5546630024909973,-0.08922290056943893,0.6210678219795227,0.6163508892059326,-0.07673201709985733,0.6416610479354858,0.6082412004470825,-0.06661367416381836,0.73728346824646,0.49588432908058167,-0.06622926145792007,0.6609154939651489,0.5993697643280029,-0.0897427648305893,0.6546141505241394,0.6379160284996033,-0.08476456999778748,0.6705812215805054,0.6262630224227905,-0.0771879106760025
THUMBS_UP,0.7544174194335938,0.6151930689811707,-3.3218231010323507e-07,0.7177106738090515,0.49218589067459106,-0.00925353728234768,0.6671342849731445,0.353889524936676,-0.023877771571278572,0.633394181728363,0.2401639223098755,-0.03613262623548508,0.6289139986038208,0.13897424936294556,-0.04934842512011528,0.6612985730171204,0.33673161268234253,-0.05013523995876312,0.5420194864273071,0.37720391154289246,-0.06711608916521072,0.55384761095047,0.4230257570743561,-0.06703902781009674,0.5862833261489868,0.4209793210029602,-0.06663418561220169,0.6660926342010498,0.41754865646362305,-0.05624271184206009,0.5413532853126526,0.4682162404060364,-0.0684019923210144,0.5643386840820312,0.499259352684021,-0.06069574132561684,0.5957297682762146,0.500215470790863,-0.05969664826989174,0.6643282175064087,0.5106891393661499,-0.06117580085992813,0.5510515570640564,0.5492737889289856,-0.07359553873538971,0.5752578377723694,0.5747811794281006,-0.06003960594534874,0.6067843437194824,0.5764913558959961,-0.05456248298287392,0.6611284613609314,0.6017659902572632,-0.06590087711811066,0.5706620216369629,0.6217955350875854,-0.08033430576324463,0.5880483984947205,0.6361944675445557,-0.07461640238761902,0.6167230606079102,0.6404194831848145,-0.0696418359875679
THUMBS_UP,0.6541520357131958,0.608638346195221,-2.4411846766270173e-07,0.6488900780677795,0.45990949869155884,0.0026159463450312614,0.6082190275192261,0.32790717482566833,0.0002853464975487441,0.5692802667617798,0.23135033249855042,-0.00287625752389431,0.5641360282897949,0.14892666041851044,-0.007316018920391798,0.5177199840545654,0.3433115482330322,-0.008787788450717926,0.46925270557403564,0.38837313652038574,-0.013165547512471676,0.4896591305732727,0.42913925647735596,-0.018207503482699394,0.5140013098716736,0.44344615936279297,-0.022039197385311127,0.4926694333553314,0.42663687467575073,-0.014128029346466064,0.469792902469635,0.4822622537612915,-0.009534822776913643,0.49731650948524475,0.5070226192474365,-0.009608623571693897,0.5245395302772522,0.5105841755867004,-0.013964026235044003,0.48366308212280273,0.5178261995315552,-0.01764168217778206,0.4754735231399536,0.5554501414299011,-0.016805965453386307,0.500733494758606,0.5695160627365112,-0.014869443140923977,0.5263357162475586,0.5729231238365173,-0.016842473298311234,0.4813733398914337,0.6018058061599731,-0.020762842148542404,0.4840897023677826,0.6241280436515808,-0.02289973571896553,0.5127301216125488,0.6364337205886841,-0.018273891881108284,0.5356571078300476,0.6371999979019165,-0.013635183684527874
THUMBS_UP,0.7209228873252869,0.6310997605323792,-3.4068497711814416e-07,0.6882542371749878,0.5158908367156982,-0.01792112924158573,0.6538509726524353,0.39843326807022095,-0.035250287503004074,0.6325206756591797,0.30311205983161926,-0.04870447888970375,0.6348507404327393,0.21724188327789307,-0.06159914284944534,0.6763830780982971,0.4033566415309906,-0.058877211064100266,0.5732702016830444,0.4050208032131195,-0.08067329227924347,0.5792931914329529,0.45278200507164,-0.08215673267841339,0.6077967882156372,0.45888280868530273,-0.08203501254320145,0.6793895959854126,0.4839586317539215,-0.061418317258358,0.5656818151473999,0.48772621154785156,-0.07954525947570801,0.5812663435935974,0.5203759670257568,-0.0722959116101265,0.6106302738189697,0.5256797075271606,-0.07065506279468536,0.6728693842887878,0.5628871917724609,-0.06393417716026306,0.570885956287384,0.5646206736564636,-0.08096674829721451,0.5856807231903076,0.5870589017868042,-0.06796828657388687,0.6140264868736267,0.5879082679748535,-0.061773497611284256,0.6644874811172485,0.6346035003662109,-0.06710727512836456,0.5834237337112427,0.629227876663208,-0.08375217765569687,0.5912230014801025,0.6372555494308472,-0.0794704332947731,0.6123923659324646,0.6392083764076233,-0.07570230960845947
THUMBS_UP,0.6444720029830933,0.49988460540771484,-3.7960282384119637e-07,0.6214020252227783,0.3767869472503662,0.0009416333632543683,0.5744034647941589,0.26398956775665283,-0.0016917942557483912,0.5336197018623352,0.18756482005119324,-0.005083636846393347,0.5213701725006104,0.11451368033885956,-0.010997858829796314,0.507591724395752,0.2806946933269501,-0.014027834869921207,0.4405345916748047,0.3449534475803375,-0.017997991293668747,0.4467552900314331,0.3945518136024475,-0.01889992132782936,0.4624560475349426,0.4092476963996887,-0.020053047686815262,0.49708056449890137,0.35103344917297363,-0.01998545601963997,0.4416952133178711,0.4321708083152771,-0.023376919329166412,0.46395474672317505,0.4654896855354309,-0.023967253044247627,0.4911677837371826,0.4653247892856598,-0.027087947353720665,0.49473485350608826,0.4290047883987427,-0.024132000282406807,0.4435496926307678,0.48898881673812866,-0.03077053837478161,0.4635857343673706,0.5161244869232178,-0.027332445606589317,0.4901212751865387,0.51924729347229,-0.02634851448237896,0.49584653973579407,0.5081340074539185,-0.02750597707927227,0.44913285970687866,0.5438805818557739,-0.03639049828052521,0.4653424918651581,0.5654244422912598,-0.031560998409986496,0.4861527383327484,0.5681800842285156,-0.02589563839137554
THUMBS_UP,0.6716154217720032,0.767788827419281,-2.361116884230796e-07,0.7006047368049622,0.6195855736732483,0.007638060487806797,0.7045259475708008,0.46541035175323486,0.0026347653474658728,0.7032332420349121,0.3374553322792053,-0.0029540471732616425,0.7247126698493958,0.2582624554634094,-0.009189398027956486,0.6401649117469788,0.4129035174846649,-0.023580633103847504,0.5683308839797974,0.3416861593723297,-0.02871016412973404,0.5776523351669312,0.3911558985710144,-0.02839568257331848,0.6007944345474243,0.42832839488983154,-0.027581026777625084,0.5926631689071655,0.4767299294471741,-0.03173495829105377,0.5314165949821472,0.4110528528690338,-0.029245007783174515,0.5416296720504761,0.4528580605983734,-0.020573079586029053,0.5644596815109253,0.48792406916618347,-0.01944892294704914,0.550117015838623,0.5453437566757202,-0.03681221604347229,0.5037927031517029,0.47388386726379395,-0.03496488183736801,0.5125422477722168,0.5061174631118774,-0.019915979355573654,0.5311965942382812,0.5430259108543396,-0.013847515918314457,0.5122978091239929,0.6132977604866028,-0.04041029140353203,0.4777832627296448,0.5257868766784668,-0.03624335676431656,0.4887317419052124,0.5545539855957031,-0.018315350636839867,0.5053725242614746,0.590966522693634,-0.005728564225137234
THUMBS_UP,0.7084665298461914,0.4956333041191101,-3.6534129321807995e-07,0.6574872732162476,0.3969304859638214,-0.011218097060918808,0.5881649255752563,0.3088092803955078,-0.025060204789042473,0.5346391797065735,0.23649299144744873,-0.036236368119716644,0.5052436590194702,0.1628708392381668,-0.04550623893737793,0.5882112979888916,0.26076534390449524,-0.04006535932421684,0.4914662539958954,0.3509531021118164,-0.05746670439839363,0.5086124539375305,0.3961268961429596,-0.057765811681747437,0.5372960567474365,0.38315117359161377,-0.057152602821588516,0.6051311492919922,0.323991596698761,-0.04517543688416481,0.5045243501663208,0.43646901845932007,-0.05763915553689003,0.5325244069099426,0.4597508907318115,-0.05115358531475067,0.5603594779968262,0.4447401762008667,-0.04944278672337532,0.6164638996124268,0.4044557213783264,-0.050367243587970734,0.5276902318000793,0.5054587125778198,-0.061097536236047745,0.5548391938209534,0.5189177393913269,-0.051162175834178925,0.5826514363288879,0.4971645474433899,-0.04758819192647934,0.6260640621185303,0.4866378903388977,-0.056025367230176926,0.5548199415206909,0.5579908490180969,-0.0690792128443718,0.5742688775062561,0.5654417276382446,-0.06673972308635712,0.6012465953826904,0.5502448081970215,-0.0635480135679245
THUMBS_UP,0.637925386428833,0.6197625994682312,-8.216753712986247e-07,0.5659573078155518,0.5711385607719421,-0.036952149122953415,0.5193989276885986,0.46195176243782043,-0.054244596511125565,0.4982617199420929,0.376227468252182,-0.06728687137365341,0.4733607769012451,0.3044551908969879,-0.07458065450191498,0.5690596699714661,0.3258328437805176,-0.03572377562522888,0.5397005677223206,0.4260803461074829,-0.07181788980960846,0.547479510307312,0.5177693367004395,-0.09198716282844543,0.5627009868621826,0.5467745065689087,-0.10347820818424225,0.6210849285125732,0.3264715075492859,-0.03305649757385254,0.578973114490509,0.46371322870254517,-0.06389231234788895,0.5821830034255981,0.5565053820610046,-0.06940950453281403,0.5982103943824768,0.5706361532211304,-0.07156731188297272,0.6655498743057251,0.3599846065044403,-0.03606923297047615,0.624203622341156,0.4932916760444641,-0.07087060809135437,0.6219308376312256,0.5678873062133789,-0.06629493087530136,0.6346991658210754,0.5679365992546082,-0.059433914721012115,0.7043980360031128,0.40838125348091125,-0.043258167803287506,0.6693499684333801,0.5091584920883179,-0.06616280972957611,0.6542235612869263,0.5668292045593262,-0.06387959420681,0.6569566130638123,0.5650908946990967,-0.0591634176671505
THUMBS_UP,0.6791793704032898,0.6007247567176819,-1.820975370492306e-07,0.6564752459526062,0.47821271419525146,-0.0016145913396030664,0.6086193323135376,0.350877046585083,-0.009638523682951927,0.575629472732544,0.2655540108680725,-0.017661191523075104,0.5685166716575623,0.18247288465499878,-0.026851678267121315,0.5599935054779053,0.3793209493160248,-0.03024495206773281,0.4813036322593689,0.4293822646141052,-0.04368934780359268,0.5049445033073425,0.45901966094970703,-0.047522999346256256,0.534483790397644,0.4518374502658844,-0.049547839909791946,0.5554949045181274,0.46464577317237854,-0.03888407722115517,0.4794172942638397,0.5120053887367249,-0.04736478254199028,0.5081098675727844,0.5301632881164551,-0.04392486810684204,0.538669228553772,0.525435745716095,-0.04454463720321655,0.5579321980476379,0.5542343854904175,-0.04621432349085808,0.48738253116607666,0.5833361148834229,-0.05722986161708832,0.5136980414390564,0.5956178307533264,-0.047173354774713516,0.5436614751815796,0.5914683938026428,-0.04177037999033928,0.5629709362983704,0.6387245059013367,-0.05260147899389267,0.5059771537780762,0.6469672918319702,-0.062423620373010635,0.5295245051383972,0.6520651578903198,-0.052570831030607224,0.5568554401397705,0.6512528657913208,-0.04409550502896309
THUMBS_UP,0.6758389472961426,0.6629302501678467,-8.46681942334726e-08,0.6685432195663452,0.522163987159729,-0.002858348423615098,0.6343103051185608,0.37777990102767944,-0.01355142705142498,0.6043399572372437,0.27939531207084656,-0.024009477347135544,0.6063187122344971,0.18719355762004852,-0.03577367588877678,0.5841929912567139,0.4006362855434418,-0.028994765132665634,0.4936467111110687,0.4093971848487854,-0.04251671954989433,0.5152131915092468,0.44292208552360535,-0.046784933656454086,0.5477306246757507,0.44795072078704834,-0.048483625054359436,0.5686485767364502,0.48757195472717285,-0.03596348315477371,0.48182499408721924,0.49357521533966064,-0.04143153131008148,0.5083857774734497,0.5156577229499817,-0.03706284239888191,0.5396943688392639,0.5237421989440918,-0.03762441128492355,0.5581958293914795,0.5783144235610962,-0.04188971221446991,0.4818863868713379,0.5661513805389404,-0.04813336208462715,0.5061025619506836,0.5828353762626648,-0.037886712700128555,0.5359479188919067,0.5908064842224121,-0.033584825694561005,0.5516680479049683,0.6605529189109802,-0.04706718400120735,0.4914593994617462,0.6347096562385559,-0.05177933722734451,0.5146277546882629,0.6462072134017944,-0.04074721410870552,0.5413740277290344,0.6580185890197754,-0.03253002092242241
THUMBS_UP,0.673518180847168,0.6283612847328186,-1.6317618189987115e-07,0.6527029275894165,0.4991183280944824,-0.0021887680049985647,0.6056313514709473,0.3720442056655884,-0.00996385421603918,0.5698292255401611,0.2847174406051636,-0.017730629071593285,0.565510630607605,0.19872352480888367,-0.026760874316096306,0.5525052547454834,0.4077228009700775,-0.027232162654399872,0.47591158747673035,0.4490760266780853,-0.03969975933432579,0.49660664796829224,0.4801577925682068,-0.04402415081858635,0.5256492495536804,0.4803481996059418,-0.04631391167640686,0.5458997488021851,0.49635061621665955,-0.034765422344207764,0.4728512763977051,0.5328957438468933,-0.04283101111650467,0.49924275279045105,0.5522822737693787,-0.04059914872050285,0.5307366847991943,0.5515990257263184,-0.04183636233210564,0.5465203523635864,0.5857131481170654,-0.04110245406627655,0.4806387424468994,0.6051565408706665,-0.05089480057358742,0.5042244791984558,0.6177054643630981,-0.04158155620098114,0.5335346460342407,0.6172668933868408,-0.0366496704518795,0.5505853891372681,0.668840229511261,-0.046640876680612564,0.49587729573249817,0.669547438621521,-0.054598137736320496,0.5176765322685242,0.675416886806488,-0.044497404247522354,0.5441787242889404,0.6767314672470093,-0.036072514951229095
THUMBS_UP,0.6212059855461121,0.636699378490448,-3.267584531840839e-07,0.6435463428497314,0.5125752687454224,0.0010432294802740216,0.6490387916564941,0.3894565999507904,-0.004422641824930906,0.642673909664154,0.2859935760498047,-0.010032848455011845,0.6573991179466248,0.21727654337882996,-0.016942063346505165,0.5896512866020203,0.3182741701602936,-0.01760007254779339,0.5182767510414124,0.3033527135848999,-0.021842658519744873,0.5156013369560242,0.3530300259590149,-0.022536758333444595,0.5305615067481995,0.3771006166934967,-0.02362547628581524,0.5539230108261108,0.3653412461280823,-0.02363770268857479,0.4876861572265625,0.36424002051353455,-0.024929281324148178,0.49137356877326965,0.410116583108902,-0.021523190662264824,0.5136032104492188,0.43364447355270386,-0.022448692470788956,0.5224441289901733,0.4269554913043976,-0.027683334425091743,0.4667898118495941,0.4114832878112793,-0.032271962612867355,0.47111132740974426,0.45253998041152954,-0.023363281041383743,0.49293774366378784,0.4784396290779114,-0.019346090033650398,0.49366748332977295,0.49360305070877075,-0.030970709398388863,0.4508945345878601,0.4559780955314636,-0.03656988590955734,0.4586941599845886,0.492057204246521,-0.026453636586666107,0.47822266817092896,0.5189079642295837,-0.01728956215083599
THUMBS_UP,0.7652663588523865,0.7482407093048096,-2.891274561989121e-07,0.7339106798171997,0.6400973796844482,-0.010557141155004501,0.6853195428848267,0.5312083959579468,-0.020286589860916138,0.6556686162948608,0.4478667676448822,-0.027736365795135498,0.6503527164459229,0.37517619132995605,-0.03443978354334831,0.6891350746154785,0.5404092073440552,-0.037081681191921234,0.594185471534729,0.5759259462356567,-0.0523475743830204,0.6079911589622498,0.6043590903282166,-0.05362139642238617,0.6348028182983398,0.5994877219200134,-0.05386841669678688,0.6934654116630554,0.6139839291572571,-0.04068926349282265,0.5939581394195557,0.6550561785697937,-0.05358898639678955,0.6169456839561462,0.6698523163795471,-0.0499039925634861,0.6441913843154907,0.6665886044502258,-0.05028853192925453,0.6938403248786926,0.6893980503082275,-0.04413583129644394,0.6063255071640015,0.7234330773353577,-0.05695679411292076,0.6286092400550842,0.7310588955879211,-0.048082709312438965,0.6547874212265015,0.7259305715560913,-0.044119689613580704,0.6952053308486938,0.7583400011062622,-0.04792897775769234,0.6260706186294556,0.7798466682434082,-0.060694776475429535,0.640457272529602,0.7838919162750244,-0.05715378001332283,0.6630972623825073,0.782568097114563,-0.053656626492738724
THUMBS_UP,0.7472440600395203,0.8175613880157471,-1.5900006644642417e-07,0.7262682318687439,0.6964986324310303,0.0011689630337059498,0.6819958686828613,0.5804606080055237,-0.005932524800300598,0.6538627743721008,0.4949146807193756,-0.012881756760179996,0.6532467603683472,0.4187238812446594,-0.020357532426714897,0.6442374587059021,0.6148814558982849,-0.028384122997522354,0.565687894821167,0.63227379322052,-0.039605461061000824,0.5906427502632141,0.6480826139450073,-0.04329803213477135,0.6200864315032959,0.6447340846061707,-0.04481793940067291,0.6362922191619873,0.6966421008110046,-0.035139065235853195,0.5600091218948364,0.7053375244140625,-0.03902512416243553,0.5865352749824524,0.7141508460044861,-0.033932317048311234,0.6152954697608948,0.7163362503051758,-0.03414464741945267,0.6331114172935486,0.7762588858604431,-0.040146004408597946,0.5651372671127319,0.7725292444229126,-0.04354386776685715,0.5884038209915161,0.7757713198661804,-0.03235718607902527,0.6160396337509155,0.7777066230773926,-0.027764728292822838,0.6333171725273132,0.8476810455322266,-0.04441056028008461,0.580155074596405,0.8330754637718201,-0.04654214531183243,0.6015751957893372,0.8318464756011963,-0.03579393029212952,0.6268404126167297,0.8362054824829102,-0.028395207598805428
THUMBS_UP,0.731460690498352,0.7653803825378418,-2.3717255714927887e-07,0.6729956865310669,0.6867320537567139,-0.01209126878529787,0.6225292682647705,0.5998806953430176,-0.02717376872897148,0.5857126116752625,0.5218632817268372,-0.040391404181718826,0.5705076456069946,0.4409518837928772,-0.05343056842684746,0.6408917903900146,0.5647332668304443,-0.03098384663462639,0.5549047589302063,0.655829131603241,-0.03721044585108757,0.5601323843002319,0.6963970065116882,-0.03297287970781326,0.5808935165405273,0.6790053844451904,-0.031202416867017746,0.6659665703773499,0.6209521889686584,-0.035094719380140305,0.5665187835693359,0.7265565395355225,-0.03351950645446777,0.5833272933959961,0.7469573020935059,-0.022965913638472557,0.6076308488845825,0.7341254949569702,-0.02103426866233349,0.6797235012054443,0.6875855326652527,-0.0393645204603672,0.5885814428329468,0.783289909362793,-0.037394892424345016,0.6056811809539795,0.7997997403144836,-0.022767063230276108,0.6304314136505127,0.7893934845924377,-0.018732203170657158,0.6901576519012451,0.7573811411857605,-0.045119937509298325,0.6195680499076843,0.821182906627655,-0.04941899701952934,0.6330326795578003,0.8285237550735474,-0.04392395541071892,0.6561524271965027,0.8239019513130188,-0.04060197249054909
THUMBS_UP,0.7653324604034424,0.7627119421958923,-2.801542677843827e-07,0.7562150359153748,0.6586377024650574,-0.0058439867570996284,0.7303339242935181,0.5370591878890991,-0.015320091508328915,0.714423418045044,0.4495772421360016,-0.023611895740032196,0.7195528745651245,0.3796233534812927,-0.031990114599466324,0.7055035829544067,0.5439503192901611,-0.03770439699292183,0.6235507130622864,0.5412201285362244,-0.05483115464448929,0.6381192207336426,0.5787781476974487,-0.05852945148944855,0.665200412273407,0.5846030116081238,-0.059540968388319016,0.6973099112510681,0.6131428480148315,-0.043575286865234375,0.6127093434333801,0.6135976314544678,-0.05589284747838974,0.6337524056434631,0.6402477622032166,-0.05024842545390129,0.6611213684082031,0.644575297832489,-0.04873034730553627,0.6891254186630249,0.6848924160003662,-0.048959359526634216,0.6113632917404175,0.671634316444397,-0.06296168267726898,0.6306203007698059,0.6948582530021667,-0.050990018993616104,0.6565936803817749,0.7002893090248108,-0.043556008487939835,0.6809313297271729,0.7519009709358215,-0.05393337830901146,0.6162881851196289,0.7271162867546082,-0.06611540168523788,0.6334261894226074,0.7407090663909912,-0.057872988283634186,0.6586247682571411,0.7500172853469849,-0.05052672326564789
THUMBS_UP,0.8128585815429688,0.7588726878166199,-4.4864268033961707e-07,0.7898595929145813,0.6697301864624023,-0.035539161413908005,0.7916311621665955,0.5709232091903687,-0.05464030057191849,0.8043068647384644,0.4977151155471802,-0.06681797653436661,0.8198594450950623,0.4223542809486389,-0.07402069866657257,0.8432897925376892,0.5815375447273254,-0.05418642237782478,0.7614679336547852,0.609414279460907,-0.08098295331001282,0.7570742964744568,0.6391594409942627,-0.09523804485797882,0.7804362177848816,0.6434069275856018,-0.10492657124996185,0.8614241480827332,0.6492467522621155,-0.04913908615708351,0.7611849308013916,0.6815937757492065,-0.06835398823022842,0.7691030502319336,0.7002561092376709,-0.0691450983285904,0.7965895533561707,0.6982201933860779,-0.07113270461559296,0.866011917591095,0.7223738431930542,-0.046904027462005615,0.7720041275024414,0.7417783737182617,-0.06757424026727676,0.7801808714866638,0.7569091320037842,-0.056600529700517654,0.8060579299926758,0.7550230622291565,-0.04811425879597664,0.8623846173286438,0.7896740436553955,-0.048772115260362625,0.7865651845932007,0.7968544960021973,-0.07017086446285248,0.7910245656967163,0.8006430864334106,-0.06879908591508865,0.8139387369155884,0.7998100519180298,-0.06397787481546402
THUMBS_UP,0.8203269243240356,0.6885507702827454,-5.056154464000429e-07,0.7963982820510864,0.6056901216506958,-0.041255634278059006,0.7908912897109985,0.509434700012207,-0.06618794053792953,0.7970302104949951,0.42866525053977966,-0.08267325907945633,0.8103387951850891,0.34818321466445923,-0.09528447687625885,0.8434042930603027,0.5185670852661133,-0.07306980341672897,0.7597745656967163,0.5509600043296814,-0.10171008110046387,0.7492387294769287,0.5811799764633179,-0.1161055713891983,0.7679283022880554,0.5835734605789185,-0.12642695009708405,0.862758994102478,0.5948907732963562,-0.06678126752376556,0.7632158398628235,0.6266558170318604,-0.08862560242414474,0.7575716972351074,0.6460162997245789,-0.09191267937421799,0.7741026282310486,0.6444668173789978,-0.09761761128902435,0.8695566058158875,0.6746912002563477,-0.06210024654865265,0.7737191915512085,0.6977691650390625,-0.08600717782974243,0.7662290930747986,0.7134767174720764,-0.07770728319883347,0.7782809734344482,0.7142828702926636,-0.07262208312749863,0.8686326742172241,0.7440007328987122,-0.06127767637372017,0.793950617313385,0.7569883465766907,-0.08391695469617844,0.7840365171432495,0.7603553533554077,-0.0826028436422348,0.7933072447776794,0.7595504522323608,-0.07941500842571259
THUMBS_UP,0.6324620246887207,0.7156990170478821,-2.422587215278327e-07,0.5971930027008057,0.6163029670715332,-0.006296370178461075,0.5416529774665833,0.5181925296783447,-0.01651252806186676,0.5031618475914001,0.4457952082157135,-0.025404242798686028,0.49032294750213623,0.37031716108322144,-0.034222934395074844,0.5202898979187012,0.5181025862693787,-0.03762340545654297,0.4313773512840271,0.5867689847946167,-0.05287143588066101,0.45037344098091125,0.6190801858901978,-0.05367299169301987,0.47766679525375366,0.607240617275238,-0.053546980023384094,0.5274658203125,0.5882179141044617,-0.04424844682216644,0.4357622265815735,0.6668334603309631,-0.056595269590616226,0.46309077739715576,0.6845391392707825,-0.0509411059319973,0.4900095760822296,0.6727046370506287,-0.04964569956064224,0.5344201922416687,0.6683304309844971,-0.05020711198449135,0.4516121447086334,0.7321323156356812,-0.06364805996417999,0.47789326310157776,0.7436526417732239,-0.05243242159485817,0.5042744278907776,0.7303858995437622,-0.04649725183844566,0.5419512987136841,0.7463903427124023,-0.05577930808067322,0.47333478927612305,0.7836396098136902,-0.07005685567855835,0.4914867877960205,0.7896596789360046,-0.06414396315813065,0.5148043036460876,0.7831955552101135,-0.05826415866613388
THUMBS_UP,0.8404732346534729,0.593683123588562,-5.644342877531017e-07,0.8182759284973145,0.5055593848228455,-0.03264220803976059,0.8263978958129883,0.40844061970710754,-0.048727065324783325,0.8407062292098999,0.3408474326133728,-0.058878231793642044,0.8552392721176147,0.2739969491958618,-0.06376633048057556,0.8857393860816956,0.41949528455734253,-0.043542440980672836,0.8090400695800781,0.451116681098938,-0.06849228590726852,0.7944772243499756,0.4868784248828888,-0.07994495332241058,0.8126128315925598,0.493426114320755,-0.0875878855586052,0.9054588675498962,0.48295289278030396,-0.03974909335374832,0.8153672218322754,0.5188928246498108,-0.06140443682670593,0.803512454032898,0.5454320311546326,-0.06245437636971474,0.8255677819252014,0.5417661666870117,-0.0633566826581955,0.9118335247039795,0.5507735013961792,-0.03933420777320862,0.8294862508773804,0.5747746825218201,-0.06279414147138596,0.8187786340713501,0.5930390954017639,-0.054892171174287796,0.836493194103241,0.5897797346115112,-0.04806124418973923,0.9111633896827698,0.6137133240699768,-0.042389608919620514,0.8485885858535767,0.6263058185577393,-0.06210337206721306,0.8361191153526306,0.6298317313194275,-0.06123382970690727,0.8482166528701782,0.624258279800415,-0.05785572901368141
THUMBS_UP,0.8678182363510132,0.6813997030258179,-6.083980110815901e-07,0.8478952050209045,0.5546735525131226,-0.03560478240251541,0.8551501631736755,0.4298194348812103,-0.05093194171786308,0.8757002949714661,0.34732815623283386,-0.059121765196323395,0.8941483497619629,0.2763080596923828,-0.06259622424840927,0.935371458530426,0.45391392707824707,-0.05134133994579315,0.8485891819000244,0.48969098925590515,-0.07318876683712006,0.8360171914100647,0.5133084058761597,-0.07944361120462418,0.8515036106109619,0.5075497627258301,-0.08240733295679092,0.95335453748703,0.5289056301116943,-0.04551158845424652,0.8503161072731018,0.5711091160774231,-0.06536636501550674,0.847317099571228,0.5762110352516174,-0.0634954571723938,0.8670425415039062,0.560449481010437,-0.06266696006059647,0.9579605460166931,0.6060014963150024,-0.042821165174245834,0.8612364530563354,0.6320831179618835,-0.06610794365406036,0.8614527583122253,0.6255850791931152,-0.058341410011053085,0.8811711668968201,0.6113893985748291,-0.05072389543056488,0.9527313709259033,0.6772224307060242,-0.04352787882089615,0.8813440799713135,0.6899060010910034,-0.06305666267871857,0.880518913269043,0.6766356825828552,-0.06269532442092896,0.8988794088363647,0.6646360754966736,-0.0590890608727932
THUMBS_UP,0.7221488952636719,0.6163862943649292,-2.4881705940060783e-07,0.6895092725753784,0.5027751326560974,-0.00978920329362154,0.6367577314376831,0.3913799226284027,-0.02177524007856846,0.5967305302619934,0.30088430643081665,-0.031474966555833817,0.5836554765701294,0.21366174519062042,-0.041968729346990585,0.6144231557846069,0.3991242051124573,-0.04011435806751251,0.513407289981842,0.45663514733314514,-0.051699694246053696,0.5256391167640686,0.49174806475639343,-0.048818591982126236,0.5521852374076843,0.4866328537464142,-0.04669055715203285,0.6270139813423157,0.46983030438423157,-0.043953996151685715,0.5232501029968262,0.5393878817558289,-0.05187997221946716,0.5432891249656677,0.5644557476043701,-0.0458400659263134,0.5687251687049866,0.5626432299613953,-0.045632120221853256,0.6361956596374512,0.5541877150535583,-0.04698934406042099,0.542538583278656,0.614050030708313,-0.05658300966024399,0.5578453540802002,0.6367505788803101,-0.047554854303598404,0.5802029967308044,0.6390363574028015,-0.04443974420428276,0.6445903778076172,0.6358075141906738,-0.04990711808204651,0.5684861540794373,0.676078200340271,-0.061801500618457794,0.5725361108779907,0.690056562423706,-0.05830113962292671,0.5867998003959656,0.6952059268951416,-0.055013202130794525
THUMBS_UP,0.5156043767929077,0.6691990494728088,-2.0138645595579874e-07,0.4927693009376526,0.5498823523521423,-0.007699382491409779,0.4438559114933014,0.4352320730686188,-0.0178958959877491,0.40310215950012207,0.35066813230514526,-0.026803014799952507,0.3876100778579712,0.2689023017883301,-0.03702317923307419,0.4030241370201111,0.4394751489162445,-0.034778792411088943,0.30842337012290955,0.5002365708351135,-0.047421734780073166,0.32340899109840393,0.5431624054908752,-0.04904423654079437,0.35093849897384644,0.5420376658439636,-0.050280842930078506,0.401885062456131,0.5113807916641235,-0.04042555391788483,0.30802467465400696,0.5858948826789856,-0.04810689389705658,0.3340650200843811,0.615458607673645,-0.04425827041268349,0.36286306381225586,0.6141543388366699,-0.04557709023356438,0.4026542901992798,0.59833163022995,-0.0452478788793087,0.3207484483718872,0.6604076027870178,-0.054508309811353683,0.3438956141471863,0.685462236404419,-0.04578188434243202,0.3703248202800751,0.6848700046539307,-0.04307728633284569,0.4056679904460907,0.6840848922729492,-0.04995060712099075,0.342218816280365,0.7263612747192383,-0.06130431964993477,0.3579309284687042,0.7426811456680298,-0.055742114782333374,0.3792998790740967,0.7427841424942017,-0.05114578455686569
THUMBS_UP,0.8067102432250977,0.7021540403366089,-2.662314386725484e-07,0.7803099155426025,0.6013997197151184,-0.010901791974902153,0.7404913902282715,0.4929928481578827,-0.02691991813480854,0.7155327200889587,0.39856743812561035,-0.03993474319577217,0.718532919883728,0.3175511360168457,-0.05274038761854172,0.7450324296951294,0.48427465558052063,-0.04912581294775009,0.6477617025375366,0.5085948705673218,-0.06339081376791,0.6513541340827942,0.549979031085968,-0.06018262356519699,0.6760516166687012,0.5494236946105957,-0.05747968330979347,0.7534276843070984,0.546636700630188,-0.05252517759799957,0.6464306712150574,0.5835365056991577,-0.060271017253398895,0.662639319896698,0.6120900511741638,-0.046780459582805634,0.6875931024551392,0.6149385571479797,-0.04058109596371651,0.7518297433853149,0.6194614171981812,-0.055341463536024094,0.6567285060882568,0.6485478281974792,-0.06227165460586548,0.671570897102356,0.6689780354499817,-0.0446835532784462,0.6966103315353394,0.6729146838188171,-0.03610984981060028,0.7490493655204773,0.6875134110450745,-0.05875670909881592,0.6728435754776001,0.7049288749694824,-0.07132405042648315,0.6839097142219543,0.7122877836227417,-0.06697282940149307,0.7075166702270508,0.7156833410263062,-0.0623491108417511
THUMBS_UP,0.7174018621444702,0.6581305265426636,-2.863977215383784e-07,0.6953833699226379,0.5452876091003418,-0.006590747740119696,0.6525750756263733,0.41922658681869507,-0.016945747658610344,0.6250466704368591,0.3191664218902588,-0.025685777887701988,0.6229251027107239,0.23654653131961823,-0.03488389775156975,0.6360653042793274,0.41588571667671204,-0.04050501435995102,0.5338151454925537,0.43833211064338684,-0.054617688059806824,0.545864462852478,0.4779568016529083,-0.05406705662608147,0.5740236043930054,0.48044681549072266,-0.0530988834798336,0.6334123015403748,0.48855647444725037,-0.046039849519729614,0.5293259620666504,0.5220966935157776,-0.056202325969934464,0.5514507293701172,0.552183210849762,-0.04939304664731026,0.5795953869819641,0.5545026659965515,-0.048329319804906845,0.6280491352081299,0.5693556070327759,-0.05057993158698082,0.5362056493759155,0.59192955493927,-0.06150270998477936,0.5587745904922485,0.6158408522605896,-0.049110427498817444,0.5861989259719849,0.6189334392547607,-0.04347304254770279,0.6226673126220703,0.6474149227142334,-0.054846037179231644,0.5496088266372681,0.6523460149765015,-0.06710296869277954,0.566745936870575,0.6666510105133057,-0.06057024747133255,0.5912749171257019,0.6721898317337036,-0.05494426190853119
THUMBS_UP,0.8176401257514954,0.7156310081481934,-3.715622369782068e-07,0.7693480849266052,0.5872668027877808,-0.01665002852678299,0.7424868941307068,0.4570183753967285,-0.034572333097457886,0.7329712510108948,0.3521345853805542,-0.04892631620168686,0.7409855723381042,0.2620709538459778,-0.06104244664311409,0.7779242396354675,0.4310719668865204,-0.04741717502474785,0.6748058795928955,0.46703654527664185,-0.06393420696258545,0.6819130182266235,0.5093984007835388,-0.06482018530368805,0.710869550704956,0.5066065192222595,-0.06515156477689743,0.7915707230567932,0.5028685331344604,-0.05232084169983864,0.6727832555770874,0.5540346503257751,-0.060485031455755234,0.6944448351860046,0.5780931711196899,-0.05427589267492294,0.7248315811157227,0.5726544260978699,-0.05534232780337334,0.7949076294898987,0.586493730545044,-0.05766948312520981,0.6861382126808167,0.6320147514343262,-0.0640072301030159,0.7097518444061279,0.6500428915023804,-0.05540211871266365,0.7424785494804382,0.645346999168396,-0.05526367574930191,0.7947186827659607,0.6720869541168213,-0.06441434472799301,0.7066635489463806,0.6947891712188721,-0.07152692973613739,0.7228872776031494,0.6999610066413879,-0.06909999996423721,0.7511016726493835,0.6946297883987427,-0.06899478286504745
THUMBS_UP,0.24926826357841492,0.6662658452987671,-1.7817269792885781e-07,0.23687498271465302,0.535620391368866,0.005879351869225502,0.18829849362373352,0.43617212772369385,0.006286877207458019,0.138042151927948,0.3688752055168152,0.0044453758746385574,0.12091226130723953,0.29647254943847656,0.0011222651228308678,0.10112306475639343,0.4699060022830963,0.005074444226920605,0.06637036800384521,0.500766396522522,0.005194876808673143,0.08477851748466492,0.5294713377952576,0.0022603634279221296,0.10647635906934738,0.5371140241622925,-0.0005770992138423026,0.08150993287563324,0.5483012199401855,-0.00020785015658475459,0.07027147710323334,0.5916686654090881,0.009738754481077194,0.09448365867137909,0.6094690561294556,0.011015613563358784,0.11898358911275864,0.6083458662033081,0.006962722633033991,0.078342504799366,0.6349280476570129,-0.004220739006996155,0.07329579442739487,0.6617485880851746,0.00031426979694515467,0.09641934931278229,0.6717526316642761,0.0024024706799536943,0.12209010869264603,0.6699230670928955,0.00011382896627765149,0.0819605141878128,0.714779794216156,-0.007548449095338583,0.08100584149360657,0.7318555116653442,-0.0047218757681548595,0.1041116714477539,0.7372657060623169,0.00151555344928056,0.12482786923646927,0.7340415716171265,0.00620427867397666
THUMBS_UP,0.5434241890907288,0.7467271089553833,-4.007388838545012e-07,0.5151394605636597,0.6198464035987854,-0.00936831533908844,0.485164076089859,0.4907118082046509,-0.02570376545190811,0.46155959367752075,0.3923495411872864,-0.04023400694131851,0.4563647210597992,0.30531391501426697,-0.05352646857500076,0.5138217806816101,0.4337764382362366,-0.044779691845178604,0.40395981073379517,0.44312307238578796,-0.0584506094455719,0.39925849437713623,0.5023572444915771,-0.05559050291776657,0.4270016551017761,0.5169540643692017,-0.053994469344615936,0.5169393420219421,0.5078740119934082,-0.05270252004265785,0.39044004678726196,0.5341458916664124,-0.06135089695453644,0.4037926197052002,0.5800947546958923,-0.05242583528161049,0.43381986021995544,0.588379979133606,-0.05081726983189583,0.5075908303260803,0.5942346453666687,-0.05975499749183655,0.3924143314361572,0.6167399883270264,-0.0647989884018898,0.4092467427253723,0.6560430526733398,-0.05100163072347641,0.43988627195358276,0.6610859632492065,-0.04775603860616684,0.4948585629463196,0.6798369288444519,-0.06756467372179031,0.40297427773475647,0.6903765797615051,-0.075246162712574,0.4157455265522003,0.7111123204231262,-0.06964050978422165,0.4430859088897705,0.7150118947029114,-0.06653983145952225
THUMBS_UP,0.5819618701934814,0.696395218372345,-4.977013077223091e-07,0.557032585144043,0.5967268943786621,-0.03625582903623581,0.5500678420066833,0.49313050508499146,-0.06098421290516853,0.5532199740409851,0.41605931520462036,-0.07854260504245758,0.5614510178565979,0.3363422751426697,-0.08985050767660141,0.6244511604309082,0.47058117389678955,-0.06396058201789856,0.5296283960342407,0.45158374309539795,-0.09041457623243332,0.5198713541030884,0.49560314416885376,-0.10060260444879532,0.542773425579071,0.5208013653755188,-0.10757361352443695,0.6381747126579285,0.5451378226280212,-0.06084342673420906,0.5185728073120117,0.5370861291885376,-0.08203661441802979,0.5207685232162476,0.5770360827445984,-0.08235528320074081,0.54997718334198,0.5929059386253357,-0.08486051112413406,0.6353877782821655,0.6261359453201294,-0.05963011458516121,0.5202041268348694,0.6207616329193115,-0.0787774994969368,0.5229953527450562,0.6527953147888184,-0.06712932139635086,0.5485606789588928,0.6652088165283203,-0.06088390201330185,0.6223173141479492,0.7015564441680908,-0.06267901510000229,0.5318384170532227,0.6929539442062378,-0.08242519199848175,0.5324239730834961,0.7067583799362183,-0.08100226521492004,0.5561875104904175,0.7118439674377441,-0.07783828675746918
THUMBS_UP,0.31448233127593994,0.7039421200752258,-4.0292113112627703e-07,0.3013105094432831,0.5790129899978638,-0.006119638215750456,0.26136431097984314,0.43084269762039185,-0.017654329538345337,0.22412481904029846,0.3168845474720001,-0.028136154636740685,0.21435052156448364,0.2268756479024887,-0.03796595707535744,0.2756451368331909,0.3621046245098114,-0.04061262309551239,0.15578940510749817,0.3210335373878479,-0.061278969049453735,0.1523294597864151,0.38853490352630615,-0.06184717267751694,0.183547705411911,0.41343313455581665,-0.06082994490861893,0.2587169110774994,0.43183499574661255,-0.049174901098012924,0.12541191279888153,0.40236765146255493,-0.06628961116075516,0.13697800040245056,0.4678060710430145,-0.056849051266908646,0.17039236426353455,0.4912722110748291,-0.05208157002925873,0.23219871520996094,0.5143719911575317,-0.05754635110497475,0.1120314747095108,0.4890136420726776,-0.07268644869327545,0.1278931051492691,0.5466232299804688,-0.05509068816900253,0.16151371598243713,0.5661294460296631,-0.0454852320253849,0.20458164811134338,0.6040191650390625,-0.0660499557852745,0.11059291660785675,0.5743812322616577,-0.08426140993833542,0.12630166113376617,0.6128184199333191,-0.07792970538139343,0.1572750061750412,0.6302403211593628,-0.0709066241979599
THUMBS_UP,0.7126343250274658,0.7563169002532959,-1.074542979040416e-06,0.687663733959198,0.592487096786499,-0.03299109637737274,0.7054159641265869,0.4440692663192749,-0.04739311710000038,0.7329710721969604,0.3470861315727234,-0.05744735524058342,0.7553900480270386,0.2613651752471924,-0.06130027770996094,0.8110975623130798,0.41996100544929504,-0.03652382269501686,0.7125641107559204,0.403180867433548,-0.06786664575338364,0.6737965941429138,0.47956690192222595,-0.08103425800800323,0.6842163801193237,0.5177484750747681,-0.08851519227027893,0.8332221508026123,0.5023128390312195,-0.037132155150175095,0.704608678817749,0.4999484717845917,-0.06790295988321304,0.6730138063430786,0.5747926235198975,-0.07006248831748962,0.689223051071167,0.6060360670089722,-0.07022999227046967,0.8350722789764404,0.5964145064353943,-0.04261113330721855,0.7122362852096558,0.5873809456825256,-0.07548607140779495,0.6865462064743042,0.6453503370285034,-0.06656838953495026,0.7019720673561096,0.667627215385437,-0.05745331943035126,0.8260773420333862,0.6887056827545166,-0.05171910673379898,0.7328837513923645,0.6730363368988037,-0.07515332102775574,0.7081791162490845,0.6991113424301147,-0.07202649116516113,0.7185136079788208,0.7090669274330139,-0.0655626431107521
